<?xml version="1.0" encoding="UTF-8"?>
<project-private xmlns="http://www.netbeans.org/ns/project-private/1">
    <editor-bookmarks xmlns="http://www.netbeans.org/ns/editor-bookmarks/2" lastBookmarkId="0"/>
    <open-files xmlns="http://www.netbeans.org/ns/projectui-open-files/2">
        <group>
            <file>file:/C:/Users/HP/OneDrive/Documentos/NetBeansProjects/Proyecto/Proyecto/ProyectoFInal/src/model/Suplier.java</file>
            <file>file:/C:/Users/HP/OneDrive/Documentos/NetBeansProjects/Proyecto/Proyecto/ProyectoFInal/src/controller/PersonController.java</file>
            <file>file:/C:/Users/HP/OneDrive/Documentos/NetBeansProjects/Proyecto/Proyecto/ProyectoFInal/src/controller/ClientController.java</file>
            <file>file:/C:/Users/HP/OneDrive/Documentos/NetBeansProjects/Proyecto/Proyecto/ProyectoFInal/src/controller/SuplierController.java</file>
            <file>file:/C:/Users/HP/OneDrive/Documentos/NetBeansProjects/Proyecto/Proyecto/ProyectoFInal/src/model/Transporter.java</file>
            <file>file:/C:/Users/HP/OneDrive/Documentos/NetBeansProjects/Proyecto/Proyecto/ProyectoFInal/src/model/Person.java</file>
            <file>file:/C:/Users/HP/OneDrive/Documentos/NetBeansProjects/Proyecto/Proyecto/ProyectoFInal/src/Dto_Generics/Generic.java</file>
            <file>file:/C:/Users/HP/OneDrive/Documentos/NetBeansProjects/Proyecto/Proyecto/ProyectoFInal/src/model/Client.java</file>
            <file>file:/C:/Users/HP/OneDrive/Documentos/NetBeansProjects/Proyecto/Proyecto/ProyectoFInal/src/controller/TransporterController.java</file>
            <file>file:/C:/Users/HP/OneDrive/Documentos/NetBeansProjects/Proyecto/Proyecto/ProyectoFInal/src/FinalProyect/view.java</file>
        </group>
    </open-files>
</project-private>
